epoch,Training Loss,Valid. Loss,Perplexity,Training Time,Validation Time
1,0.15964489283492142,2.5434808269250007,tensor(12.8277),1:03:57,0:35:35
2,0.14562233546975528,2.4638382895722275,tensor(11.7502),1:03:57,0:35:33
3,0.13370085643380755,2.48379381182734,tensor(11.9869),1:03:55,0:35:33
