epoch,Training Loss,Valid. Loss,Perplexity,Training Time,Validation Time
1,2.561564223639949,2.5106106700704696,15.4641,1:49:25,0:58:23
2,1.8908591649603264,2.2536998125425054,9.5232,1:49:13,0:58:21
3,1.3418004077943488,2.445824388787916,11.5447,1:49:09,0:58:14
