{"rouge-1": {"r": 0.3506985790346862, "p": 0.18751703619775723, "f": 0.23697180569160425}, "rouge-2": {"r": 0.10583444425439843, "p": 0.04579869606159193, "f": 0.06177284184366282}, "rouge-l": {"r": 0.3011565906187363, "p": 0.16001215300785726, "f": 0.20243859472444672}}