{"rouge-1": {"r": 0.3478067384125317, "p": 0.17959917350809357, "f": 0.23004330283148625}, "rouge-2": {"r": 0.10284983521525247, "p": 0.043672875208858736, "f": 0.059117696932019306}, "rouge-l": {"r": 0.2981213669318027, "p": 0.15331062180035754, "f": 0.19653641346502232}}