{"rouge-1": {"r": 0.38506561563421016, "p": 0.17422356704145026, "f": 0.2337290221424514}, "rouge-2": {"r": 0.11533672907318303, "p": 0.043380669578986446, "f": 0.06115869213189255}, "rouge-l": {"r": 0.3289243853143227, "p": 0.14729084728080977, "f": 0.19823357013350637}}