{"rouge-1": {"r": 0.3428566316296059, "p": 0.19922164771597697, "f": 0.24372806343198614}, "rouge-2": {"r": 0.10699899233339547, "p": 0.048526558470275566, "f": 0.06455185357382069}, "rouge-l": {"r": 0.2984661124494567, "p": 0.17278605181390877, "f": 0.21137843533615538}}