{"rouge-1": {"r": 0.3333133971360361, "p": 0.16985756671914695, "f": 0.21730339643244864}, "rouge-2": {"r": 0.09370683349022205, "p": 0.037778955670427355, "f": 0.05204628515516099}, "rouge-l": {"r": 0.2863684242933668, "p": 0.14525039755933344, "f": 0.1860538937817482}}