{"rouge-1": {"r": 0.34879679913585543, "p": 0.20191844766057418, "f": 0.2484232290281896}, "rouge-2": {"r": 0.10891632937554173, "p": 0.05134292517793303, "f": 0.06743167525663876}, "rouge-l": {"r": 0.30041764182354763, "p": 0.17269269406973267, "f": 0.21281672202887167}}